x,y,z,cluster,cell
30.174531123941506,188.29081445696102,120.86330239955421,22,Neutrophiles
-81.13487231387444,-434.3734929242321,120.86330239955421,22,Neutrophiles
-93.28542310946818,551.6283430610799,120.86330239955421,22,Neutrophiles
-99.51363708703502,-297.55629887162064,120.32231879299681,22,Neutrophiles
-110.17950614313929,-358.10670107098935,119.9192030206722,22,Neutrophiles
-120.00044236492386,-361.26061714431154,120.0340341068713,22,Neutrophiles
-171.37660176032057,-273.63815063795636,119.60978127279364,22,Neutrophiles
-309.90350678018336,-247.77719000234782,120.4530459892978,22,Neutrophiles
-345.8254688760585,345.02994489174375,120.86330239955421,22,Neutrophiles
-403.84306721974383,-43.23506546022327,120.10139763764946,22,Neutrophiles
-423.86526253854925,-39.00100573463817,120.86330239955421,22,Neutrophiles
-425.4277233043999,-109.00226122741901,120.86330239955421,22,Neutrophiles
-434.06715685559817,-61.12862288319252,120.86330239955421,22,Neutrophiles
61.2662904768232,73.07418149437251,120.00283728327517,22,Neutrophiles
-304.1609565376331,-252.87663560179334,120.05249158874344,22,Neutrophiles
252.04409634133265,-39.48558305856693,119.32292972874674,22,Neutrophiles
-162.45270177123882,-272.66806656764294,119.5299690662209,22,Neutrophiles
-418.4754320300747,-45.98405658209572,119.4395735859949,22,Neutrophiles
-435.6331105097871,-58.27835550351335,118.86330239955421,22,Neutrophiles
255.6270128476816,-291.06797738605553,118.11109001017368,22,Neutrophiles
-85.26115258860636,-284.05791273384773,119.2985355601759,22,Neutrophiles
317.71537433869764,87.13073540557764,116.5299690662209,22,Neutrophiles
30.320970174354898,200.03647996776385,118.50747417869533,22,Neutrophiles
18.087091510414893,-414.95411307927094,118.1744135106654,22,Neutrophiles
-138.258156146881,562.0173728645041,116.30908553208431,22,Neutrophiles
-162.56173889894183,-277.72692009681475,116.91593397850156,22,Neutrophiles
281.2593137326372,40.31255358739577,115.04663573288755,22,Neutrophiles
101.90514706597037,-18.970779745937534,115.30496906622088,22,Neutrophiles
32.095152512593586,-18.176553166416852,116.03977298778952,22,Neutrophiles
25.280955523681882,194.12598642321666,115.99763075776318,22,Neutrophiles
-237.9337326249788,435.4450039185217,115.84343484988531,22,Neutrophiles
329.4426470659704,45.16969644453866,114.86330239955421,22,Neutrophiles
129.0940076101881,-314.43744641260423,115.92452688935012,22,Neutrophiles
-93.24782912450576,-449.2731606983185,113.66330239955423,22,Neutrophiles
116.70490196793116,-267.74626994201606,112.36330239955421,22,Neutrophiles
57.83345166367167,143.2866915184303,113.19088860645078,22,Neutrophiles
35.52510320632132,135.66518516634312,113.93698661008054,22,Neutrophiles
9.037885161208578,-373.044589269747,111.67282620907801,22,Neutrophiles
-111.95255917706186,-394.1673795229721,113.0773492222967,22,Neutrophiles
330.0676470659704,34.7917202540624,110.86330239955421,22,Neutrophiles
189.92078914247315,250.14042243985477,110.46985977660344,22,Neutrophiles
-156.00179737847395,571.5458869207289,111.41885795510976,22,Neutrophiles
-367.64600541629903,344.81255358739577,110.22500452721383,22,Neutrophiles
279.40466256984644,-127.406051063767,109.64469774839145,22,Neutrophiles
274.5588550170406,-57.559006045631804,109.46880698671023,22,Neutrophiles
266.81301743634083,72.62119556270443,109.30774684399867,22,Neutrophiles
328.73431373263713,40.861164698506855,107.5994135106653,22,Neutrophiles
97.20931373263716,159.90486127970348,108.6479177841696,22,Neutrophiles
-114.50179737847395,-399.1751007335918,107.91268511560358,22,Neutrophiles
312.1279383744712,128.36556218338433,106.77734251416743,22,Neutrophiles
194.98954186951914,171.39050035545665,105.50208566951622,22,Neutrophiles
60.156398934430854,145.74080470847196,107.97541002287264,22,Neutrophiles
-526.4624351462867,302.893271076185,105.37451316188603,22,Neutrophiles
300.28258105937005,100.5848308151185,106.09102517183143,22,Neutrophiles
152.62221695844357,114.45771487771833,106.91491530278003,22,Neutrophiles
292.23431373263713,132.79692858739577,105.26955239955421,22,Neutrophiles
224.0666780737223,-227.24170997849575,105.49120937629843,22,Neutrophiles
166.79681373263713,-58.81244641260423,105.80080239955421,22,Neutrophiles
26.014191781417594,-206.96793421748225,103.99500971662744,22,Neutrophiles
22.831535954859305,-443.854113079271,104.86330239955421,22,Neutrophiles
-12.238512354319369,485.00277097870026,104.55895457346728,22,Neutrophiles
-286.8655064112478,-275.32413706008623,104.41725923408663,22,Neutrophiles
192.90275002607348,208.30676208160423,103.89032942658125,22,Neutrophiles
-173.38580821858238,-168.88500738821392,103.1852536190664,22,Neutrophiles
-271.1859618579141,-217.16382436536014,103.03653074601092,22,Neutrophiles
-423.6950340934498,365.6386405439174,102.86330239955421,22,Neutrophiles
-427.58299395967055,-112.53360025875804,102.86330239955421,22,Neutrophiles
-447.476575837915,-134.8316181917453,102.654713442499,22,Neutrophiles
243.51239743307758,-154.2094728443223,101.45361076959827,22,Neutrophiles
39.170424843748265,134.85144247628466,102.20774684399865,22,Neutrophiles
-327.02385209650856,-256.24774792014193,103.26531244980546,22,Neutrophiles
136.16103787056818,-38.67020503329388,101.58744033058869,22,Neutrophiles
55.91613191445526,112.53982631466852,101.24966603591784,22,Neutrophiles
-529.6623625679408,247.07844954115296,102.06561453828252,22,Neutrophiles
312.6906145456452,89.58491131097298,99.85517231825341,22,Neutrophiles
-194.69777288153614,-369.5890212157538,100.50109767514479,22,Neutrophiles
-429.0253016519782,-113.9951387202965,99.90176393801576,22,Neutrophiles
58.41576534554031,-166.17131738034612,99.28265723826391,22,Neutrophiles
57.682041005364454,113.88528086012309,98.82693876319055,22,Neutrophiles
-4.416607140487031,342.195909658337,99.78008275426092,22,Neutrophiles
-102.46072517786865,-428.985111782254,98.01505337231688,22,Neutrophiles
307.1669174192731,109.99688538463079,97.14901668526849,22,Neutrophiles
232.17934630592697,255.71157638869875,97.40401901193209,22,Neutrophiles
118.36496984123437,224.5727345828709,97.27959199231438,22,Neutrophiles
106.46438619640514,-106.41933047057523,98.08069370390203,22,Neutrophiles
33.706535954859305,66.8090813651736,97.25913573288753,22,Neutrophiles
21.343041543287995,-134.23478369071074,98.70945624570808,22,Neutrophiles
-494.4441842097497,225.833129719083,97.33243820202333,22,Neutrophiles
75.919255253105,171.29208575113842,97.21417959253668,22,Neutrophiles
71.59392911725251,210.72024589508806,96.29919983545167,22,Neutrophiles
58.91840464172799,116.35800813285027,96.39057512682692,22,Neutrophiles
-96.45406654905298,-367.93392528584366,96.72245732913169,22,Neutrophiles
-132.50626415681006,-320.73769766888563,97.15978481161451,22,Neutrophiles
-191.88772768748117,-373.55431031792966,96.3425923403826,22,Neutrophiles
211.47926888958784,-156.67175134533966,95.55388535919545,22,Neutrophiles
48.8116946850181,-184.21125593641375,96.10139763764946,22,Neutrophiles
90.22285954937036,249.3743065754436,94.17007530792071,22,Neutrophiles
17.57863888601139,-96.04634211812572,94.56882387194688,22,Neutrophiles
-121.97023172190836,-246.82002217017998,95.90118118743302,22,Neutrophiles
304.78498940831275,97.20444547928764,93.53897807522989,22,Neutrophiles
-165.76521810256884,-175.13126663732334,94.50375183775648,22,Neutrophiles
298.3093137326372,95.58755358739575,92.21330239955424,22,Neutrophiles
105.63950241188229,-243.07423886543444,94.95386843729008,22,Neutrophiles
59.757163195002704,-161.92669372443225,94.33642067912413,22,Neutrophiles
46.54290748263713,82.15630358739577,92.87892739955421,22,Neutrophiles
-251.57178862956755,-306.49059601890343,91.52471972238888,22,Neutrophiles
217.88204100536439,-320.82949186714967,91.43148421773603,22,Neutrophiles
180.5330425461965,67.33797731620928,91.1344888402322,22,Neutrophiles
135.27277527109868,-28.254754104911967,90.51714855340035,22,Neutrophiles
105.26315988648332,30.466399741241958,90.86330239955421,22,Neutrophiles
-122.7903179432376,-328.38265819897623,89.90565967395568,22,Neutrophiles
278.22469834802143,145.29118606602822,89.41031094656276,22,Neutrophiles
136.2793644940583,155.05620840973074,88.55873387163544,22,Neutrophiles
96.7453137326371,149.95655358739577,88.9913023995542,22,Neutrophiles
45.63431373263711,167.9750535873958,89.73830239955421,22,Neutrophiles
46.510722183341386,-213.4127985252802,89.06048549814577,22,Neutrophiles
-137.10766739943836,-129.92329546920803,88.07084956936555,22,Neutrophiles
-295.32401960069615,516.2392202540625,88.22330239955423,22,Neutrophiles
47.66439847839979,-133.71287014141774,87.09211595887624,22,Neutrophiles
124.93284314440189,198.99882809719963,86.31428279171107,22,Neutrophiles
94.05651870158113,37.76907532652615,86.85088003930579,22,Neutrophiles
-91.11943120663409,-425.85546260693627,87.50297851291455,22,Neutrophiles
-144.91242539779762,628.4212492395698,86.86330239955421,22,Neutrophiles
-152.19068626736282,-428.69458926974704,85.4537785900304,22,Neutrophiles
-288.85982206983203,518.3063807478895,87.06083326375173,22,Neutrophiles
-474.522651076747,-74.46310623665113,87.76066310336651,22,Neutrophiles
81.83788516120853,-46.42920465436248,88.16000569625751,22,Neutrophiles
-126.31583596796168,-414.2622967120054,86.37827245943444,22,Neutrophiles
-130.88817370454876,-239.22262229200123,84.97385516337332,22,Neutrophiles
-258.10497198164853,27.835595062050174,84.74348673135145,22,Neutrophiles
172.42945761752912,-72.41046799533808,84.82013693192832,22,Neutrophiles
78.39567736900074,-54.01926459442245,83.73602967228149,22,Neutrophiles
-83.36083552109426,-221.63520760663408,85.74887453885768,22,Neutrophiles
270.1239336156781,148.87103311955946,83.21417959253668,22,Neutrophiles
104.20390832723172,-240.3631220882799,83.91735645360828,22,Neutrophiles
-103.6346862673629,-416.91544641260424,83.91130239955422,22,Neutrophiles
81.1182957685653,-226.45690749044854,83.86929042350633,22,Neutrophiles
-325.23477228886827,136.17814498524524,82.94932390493054,22,Neutrophiles
305.51079156514936,19.305164424834174,81.81896742418476,22,Neutrophiles
280.5546918838976,160.63608299916052,80.53557130711724,22,Neutrophiles
152.46486928819274,117.21810914295133,79.66330239955423,22,Neutrophiles
-0.2611525886063646,-263.55014071312235,80.78040084515007,22,Neutrophiles
-72.68698256365917,565.8495906244327,80.51145054770231,22,Neutrophiles
-316.15664371417137,543.4827663533533,80.86330239955421,22,Neutrophiles
-376.0957222385859,-230.1191010888632,80.96402182401462,22,Neutrophiles
31.184511621819183,-30.40116672922693,81.28018894308983,22,Neutrophiles
-489.66561073866194,403.1630067596009,78.42825708233366,22,Neutrophiles
334.8733586764573,86.86873336267672,79.71723498382389,22,Neutrophiles
251.33450457233187,106.36217190800642,78.08467644535577,22,Neutrophiles
177.64863957533373,-27.263289109233483,79.89139228719469,22,Neutrophiles
32.526960791460624,-134.4639170008395,78.28683181131893,22,Neutrophiles
-385.01568626736287,325.12505358739577,78.86330239955421,22,Neutrophiles
226.7261968495203,166.53982631466852,77.90226343851523,22,Neutrophiles
196.9170060403295,-61.86436948952735,77.78637932263112,22,Neutrophiles
143.83620448893953,132.48482249495885,78.91372256762142,22,Neutrophiles
-24.532100408776955,-238.56118378634164,78.33804987430167,22,Neutrophiles
-134.76091527499648,-130.25996549657373,78.09994362092826,22,Neutrophiles
-304.3057806069856,-252.47989924279295,78.15575522974288,22,Neutrophiles
337.11911765420575,76.7341222148467,76.86330239955421,22,Neutrophiles
238.46071935512703,-211.12720544874878,75.88338272083936,22,Neutrophiles
108.72492066905329,25.3385651480894,76.81705962498776,22,Neutrophiles
56.71954995310955,-344.64413932599007,76.80031027356998,22,Neutrophiles
-485.2095839051581,381.2771205165295,77.99716066727078,22,Neutrophiles
341.86200190468014,50.022231006750644,73.4009368081563,22,Neutrophiles
273.9902661135894,126.57445834930058,74.86330239955421,22,Neutrophiles
106.23722070938129,32.068367540884196,74.86330239955421,22,Neutrophiles
39.04013134270008,-198.52706905411367,73.33500051276181,22,Neutrophiles
-64.97933874963235,-165.85411307927092,75.47323147756842,22,Neutrophiles
-91.72803566495327,-344.44648255718255,74.16450721883132,22,Neutrophiles
-270.24511664710974,410.1923004228388,74.85064417170611,22,Neutrophiles
-487.0952317219083,377.744371769214,74.86330239955421,22,Neutrophiles
128.48505337760753,-181.66081919366934,73.50235565399208,22,Neutrophiles
103.19140328487595,29.946881945604673,72.98270538462884,22,Neutrophiles
70.05758959470609,33.00795588624635,77.29242117350063,22,Neutrophiles
135.71490379474892,-195.26819175421912,72.90056948029948,22,Neutrophiles
99.29224056190537,35.904017002029946,73.4730584971152,22,Neutrophiles
85.32503279618231,-257.33460360323966,74.16765022564118,22,Neutrophiles
-376.1253801449139,-320.5343851881144,72.86330239955421,22,Neutrophiles
267.31519608557835,126.66549476386638,72.03977298778952,22,Neutrophiles
-41.586764698735465,-225.43254445181992,71.11820436033852,22,Neutrophiles
-479.04552497704026,379.98997294223454,72.5536249801994,22,Neutrophiles
-49.63142700810363,70.18292395776609,71.3077468439987,22,Neutrophiles
-228.8323529340296,454.1958869207292,71.45496906622088,22,Neutrophiles
-267.96740584408246,419.4210191958614,70.85272038897222,22,Neutrophiles
126.26344907098314,174.97044832423785,67.93097157248661,22,Neutrophiles
91.0870915104149,-277.44855752371535,70.18552462177647,22,Neutrophiles
-61.79468626736286,-348.0314464126042,69.9913023995542,22,Neutrophiles
191.69224056190558,92.15401700202995,68.8047658141883,22,Neutrophiles
127.34991523639655,-231.0821832547095,68.7054076627121,22,Neutrophiles
100.79285803643472,33.06571814435779,68.53418847550358,22,Neutrophiles
317.49768582566037,14.677669866465521,67.77493030653096,22,Neutrophiles
130.30707492666693,-215.9187896961863,68.45285463836021,22,Neutrophiles
-256.1684640451407,60.45785273269496,67.9658665021183,22,Neutrophiles
291.33096321717323,90.3898731750246,66.86330239955421,22,Neutrophiles
166.02181373263716,112.95005358739581,66.5633023995542,22,Neutrophiles
280.13776901718995,-48.91102364837661,66.26167638329406,22,Neutrophiles
130.90199665946636,-196.52077974593755,65.33484711500137,22,Neutrophiles
104.90661102993431,153.40714818199035,66.2506897869415,22,Neutrophiles
37.86521924444821,-211.36461176693496,67.78456224207389,22,Neutrophiles
-154.7401486329543,398.55986541535276,65.9385712167585,22,Neutrophiles
332.1830842244402,110.32075030870726,64.91248272742305,22,Neutrophiles
181.52598039930376,-15.954113079270883,64.96330239955421,22,Neutrophiles
88.65718607306269,-22.293829391327677,63.35266410168188,22,Neutrophiles
-57.69068626736282,378.5375535873957,64.86330239955421,22,Neutrophiles
-232.82367595808455,491.64760513378747,64.79113745110061,22,Neutrophiles
-268.95634283301945,454.6711394459817,63.97441351066533,22,Neutrophiles
-482.0490196006962,382.9875535873957,66.07996906622088,22,Neutrophiles
-74.75381475898303,-174.6232006025483,61.88006217609052,22,Neutrophiles
-302.9478291245057,-284.2017321268899,64.5490166852685,22,Neutrophiles
332.95546757879094,-193.456677181835,62.863302399554215,22,Neutrophiles
39.43950241188247,-209.24405018618916,62.48594390898822,22,Neutrophiles
-175.7169274021146,-243.00304924948364,62.42358608749748,22,Neutrophiles
-260.9011029340295,483.8229702540625,62.5091357328875,22,Neutrophiles
-292.44537376736287,449.43755358739577,63.628927399554215,22,Neutrophiles
-493.1214554981321,378.02409204893434,62.209456245708054,22,Neutrophiles
285.71313886924906,-51.526244226811855,62.05455923015532,22,Neutrophiles
62.54702999561289,-289.49886509772534,61.63146848951962,22,Neutrophiles
-116.68015995157339,-433.5207797459376,61.58260064516824,22,Neutrophiles
318.5165302274826,217.17337832966382,60.90453951295629,22,Neutrophiles
311.59113191445533,115.9580081328503,61.69966603591786,22,Neutrophiles
125.83453895786238,198.40714818199035,60.0885276247794,22,Neutrophiles
-67.25432263099924,386.49942227426436,60.186534722786604,22,Neutrophiles
-275.6646588701026,451.53858098465594,61.35645308448571,22,Neutrophiles
-489.90255067414245,381.3888247738364,60.090421043622,22,Neutrophiles
138.41803856485194,208.81255358739577,59.111624547205224,22,Neutrophiles
135.04298720202473,249.0778597098448,60.363302399554215,22,Neutrophiles
345.54681373263713,76.23755358739572,58.8133023995542,22,Neutrophiles
318.33763743205907,64.89925878970791,59.603186792617805,22,Neutrophiles
305.3386370409079,79.70729042950109,59.43473097098277,22,Neutrophiles
282.61902247050114,-60.05152408250717,58.35844803062221,22,Neutrophiles
222.49113191445542,53.11255358739572,58.60875694500871,22,Neutrophiles
77.53468686696544,-101.993416561858,58.51504369308657,22,Neutrophiles
-278.80131428668653,-221.81063481840135,59.259437665254694,22,Neutrophiles
-358.01568626736287,55.65630358739577,58.863302399554215,22,Neutrophiles
306.26659072794234,114.676403352654,57.76471085025847,22,Neutrophiles
169.46225490910774,115.55961241092518,57.59271416426009,22,Neutrophiles
62.92564026324942,-91.95275253505326,57.536771787309306,22,Neutrophiles
9.691403284875946,-274.59789417379824,57.95285463836021,22,Neutrophiles
187.54716683998174,24.03289257044662,56.42262443345251,22,Neutrophiles
-3.551236726078514,-281.29753815572343,57.166054693132224,22,Neutrophiles
-97.14326358695052,-379.5482711548723,56.399384873781,22,Neutrophiles
-489.82250444918105,382.80497782982,55.84815088440271,22,Neutrophiles
287.38875698745517,-50.10393463530227,54.39649297771268,22,Neutrophiles
130.27223508095176,72.59907044132831,55.470043972587916,22,Neutrophiles
90.43387513614596,-161.04709553541124,54.7580392416595,22,Neutrophiles
90.4820410053643,57.448917223759395,55.117847854099665,22,Neutrophiles
84.88562952211078,-88.81902535997267,54.65277608376471,22,Neutrophiles
33.31232997393647,-245.39858330355543,52.28325599584193,22,Neutrophiles
-11.691299764295422,-211.41444027763492,54.78968276765238,22,Neutrophiles
-216.86816374484033,397.79003106487335,54.81825735450917,22,Neutrophiles
-285.7716386483153,-368.7747479999058,54.73631827257009,22,Neutrophiles
48.23478189743116,11.430531115485678,52.96817131341189,22,Neutrophiles
33.917955707945794,-217.11954517803633,54.233672769924624,22,Neutrophiles
175.9426470659705,-78.07077974593756,53.97996906622089,22,Neutrophiles
-105.88558422654648,-380.43744641260423,54.179628930166444,22,Neutrophiles
-301.29977717645374,-359.33896156411936,52.136029672281495,22,Neutrophiles
-307.89584090653807,-381.7544567218826,53.00763229646142,22,Neutrophiles
222.10008864038616,56.97491521101199,52.36883745490471,22,Neutrophiles
138.95546757879094,-23.238728463886332,52.22227675852861,22,Neutrophiles
111.2831334751263,-156.5222103611021,54.57145690599191,22,Neutrophiles
-59.72662376736287,-457.12494641260423,51.988302399554215,22,Neutrophiles
156.58957689053193,-195.87823588628845,50.90277608376471,22,Neutrophiles
82.22275911078839,-84.13702624453697,50.64481500459621,22,Neutrophiles
-35.44425769593431,-309.4731606983185,51.55973097098277,22,Neutrophiles
-245.1990695008958,362.0550685574558,49.396236531290725,22,Neutrophiles
-32.35707282198473,-312.5319842277303,48.40952088694908,22,Neutrophiles
-192.7132669125242,500.5415858454601,48.70846368987671,22,Neutrophiles
-210.84184905806057,494.96604195948885,49.30981402746119,22,Neutrophiles
-256.66568626736284,-379.84994641260425,48.413302399554226,22,Neutrophiles
-327.518891395568,-394.0592412843991,48.863302399554215,22,Neutrophiles
-348.0716678624549,-404.0340721794754,48.81422264495302,22,Neutrophiles
323.33965081128883,72.11592437391266,47.09925745573398,22,Neutrophiles
234.46737824876607,-250.38099479970106,48.72136691568326,22,Neutrophiles
105.30478698366596,-186.10514188585523,47.46412544482172,22,Neutrophiles
90.54373996214531,-97.19564313391572,49.10920403889847,22,Neutrophiles
-53.539495791172385,-405.47316069831857,47.77996906622084,22,Neutrophiles
95.44864891269253,-88.71376220207787,46.264964449415714,22,Neutrophiles
92.61793442229236,-101.54951537812144,46.43226791679558,22,Neutrophiles
21.479684103007457,-154.28003900519684,47.27070980696166,22,Neutrophiles
-122.18407469711497,-425.16678525557944,47.23520322600049,22,Neutrophiles
-249.82367595808455,-394.59981754662493,46.90453951295629,22,Neutrophiles
267.58931373263715,131.44255358739576,45.883302399554225,22,Neutrophiles
185.22712449330515,-155.7329009580588,48.16200369825552,22,Neutrophiles
23.100277588058816,-202.2928680993512,45.4898084236506,22,Neutrophiles
0.0630450759207406,-260.45610312902215,45.36479493686767,22,Neutrophiles
233.8851758016027,-253.01503261950086,44.346061020243866,22,Neutrophiles
-55.97224655105083,-189.43921946224964,46.25337332154007,22,Neutrophiles
-52.65442253109916,-263.0390947642525,44.918247454499266,22,Neutrophiles
-179.63364401384172,393.27382119302956,44.58161225870913,22,Neutrophiles
-492.14528749435675,181.52421002911353,44.43385454679344,22,Neutrophiles
-496.37841632871255,203.100897145678,44.82649258360328,22,Neutrophiles
196.25557223603835,-135.41873892961098,44.29187382812566,22,Neutrophiles
-120.86341354009016,-185.18290095805872,43.0360296722815,22,Neutrophiles
117.61808566246157,233.4265886751151,41.705407662712105,22,Neutrophiles
78.57188057755695,186.75373005798406,43.751002934313505,22,Neutrophiles
-6.328594764094873,-206.70051830802902,43.22931547144967,22,Neutrophiles
-212.60690248357912,486.7945355693778,43.025464561716376,22,Neutrophiles
-332.93091615242037,-398.64721652754673,42.54146331909445,22,Neutrophiles
-475.2964239722809,176.22648801362527,42.84690895693126,22,Neutrophiles
274.9334516636717,35.66772600118884,42.518474813347325,22,Neutrophiles
204.38623680956016,-89.88744641260428,40.8171485534003,22,Neutrophiles
174.620941639614,164.19627451762835,42.46795356234492,22,Neutrophiles
-310.4240814436152,-234.5343851881144,43.071094607346424,22,Neutrophiles
307.5815359548593,4.4097758096179405,42.27996906622084,22,Neutrophiles
-166.27356915024575,-202.95321217837,40.68312221937404,22,Neutrophiles
-210.4906862673629,491.3792202540624,40.50774684399866,22,Neutrophiles
-279.78853572972844,431.37706971642797,40.96007659310263,22,Neutrophiles
-494.64068626736287,177.7243182932781,40.5691847524954,22,Neutrophiles
114.1006930429819,0.9935880701543738,39.12192308920942,22,Neutrophiles
104.25711247477557,-220.20002502895642,39.932484789491326,22,Neutrophiles
197.39502801835158,-173.68744641260423,38.863302399554215,22,Neutrophiles
140.54409634133276,38.20385793522189,38.2980850082499,22,Neutrophiles
90.30238303956799,-207.81450911887487,37.30554662397665,22,Neutrophiles
41.72350058384825,68.52535635556183,38.33735084246078,22,Neutrophiles
-241.94146751736287,361.62505358739577,39.128927399554215,22,Neutrophiles
-316.76999661219037,-370.4748027344433,38.90927941104846,22,Neutrophiles
-321.80600884800805,386.893198748686,37.96007659310263,22,Neutrophiles
164.93584434488196,-286.6976504942369,38.41432280771747,22,Neutrophiles
-299.416002723059,-270.04820590627514,37.76203657676942,22,Neutrophiles
341.91852425895297,52.90465885055369,36.231723452185804,22,Neutrophiles
329.4416490619784,81.70476915625807,37.15072754925481,22,Neutrophiles
289.4447567706119,58.356857384864156,37.318998602085856,22,Neutrophiles
157.88968756441272,-286.4584744499874,36.040872493012216,22,Neutrophiles
144.68826110105817,38.40465885055369,36.731723452185804,22,Neutrophiles
-162.46013071180732,-138.02772419038206,37.7521912884431,22,Neutrophiles
-252.89068626736287,357.7336062189747,37.494881346922625,22,Neutrophiles
-275.3044793708111,-302.377101585018,36.98399205472663,22,Neutrophiles
-446.72871443637695,93.63884466720799,35.999452634296006,22,Neutrophiles
306.33587623263713,67.60161608739577,34.925802399554215,22,Neutrophiles
157.11180129482614,-299.1725210394699,35.261312349803006,22,Neutrophiles
124.98931373263713,-184.07744641260422,34.893302399554216,22,Neutrophiles
-270.9809118312727,-270.37165693892,34.10390390331361,22,Neutrophiles
337.0456071689308,-9.97509120024904,33.7436112798631,22,Neutrophiles
173.11572398904752,205.09139974124196,35.4466357328875,22,Neutrophiles
155.66425878758218,-300.1544793796372,33.30286283911465,22,Neutrophiles
147.74909867887357,123.96309122180435,33.626743259769256,22,Neutrophiles
122.37295009627348,258.20346267830496,33.5542114904633,22,Neutrophiles
-157.51689985959592,-142.4981260242547,34.14485579761245,22,Neutrophiles
307.42704772278523,55.99974570562233,33.08990338477591,22,Neutrophiles
166.01215733453273,-290.8319961756374,31.98178581187645,22,Neutrophiles
-20.054971981648578,-308.5695892697471,33.12044525669708,22,Neutrophiles
-23.582352934029586,-320.77077974593755,33.02996906622084,22,Neutrophiles
-106.616627689957,-147.06610750047037,32.28589654181363,22,Neutrophiles
-248.25303444550048,356.98259407322575,32.51512426190237,22,Neutrophiles
-448.28923699200055,89.08791590623639,32.1096792111484,22,Neutrophiles
328.5801875190449,-4.973854179594468,31.89242861314645,22,Neutrophiles
-452.83940421608077,91.9535792284214,31.09407163032344,22,Neutrophiles
151.97379971394548,-288.20613800138926,31.199750997685044,22,Neutrophiles
138.7180856624617,-208.26113062313055,30.554530469729656,22,Neutrophiles
125.55117419775354,254.95208847111655,30.840046585600703,22,Neutrophiles
93.30162142494476,267.74661952146175,29.94022547647728,22,Neutrophiles
-218.86100590206604,403.01803303945053,31.137275002293904,22,Neutrophiles
-244.10943626736287,-387.8506408570487,31.1827468439987,22,Neutrophiles
159.6807423040657,-155.544589269747,29.32758811383991,22,Neutrophiles
103.70678665682476,16.151903767901217,30.58171395190078,22,Neutrophiles
-102.67370513528738,-152.62140867675515,29.467075984459882,22,Neutrophiles
160.25731373263716,-299.42744641260424,29.199302399554227,22,Neutrophiles
153.8851758016027,-298.0150326195008,29.41502653748526,22,Neutrophiles
59.77247162737399,-306.37165693892,28.863302399554215,22,Neutrophiles
-166.4944598522685,-231.2487671673212,27.65575522974291,22,Neutrophiles
-259.94331784631026,394.09544832423785,28.481723452185804,22,Neutrophiles
-451.8030574013835,82.27647111316901,28.40969415213152,22,Neutrophiles
143.0545967515052,-186.74971056354764,26.98405711653541,22,Neutrophiles
183.4910704893939,-139.25839235855017,24.937626723878537,22,Neutrophiles
-260.8806862673629,-325.04744641260424,27.083302399554213,22,Neutrophiles
297.4281056789458,99.40315761424142,26.608268842507243,22,Neutrophiles
280.09226827809164,-24.011310048967857,26.408756945008747,22,Neutrophiles
169.33105286307193,-281.3613594560825,26.30678066042381,22,Neutrophiles
167.04189800229994,-298.0132891092334,26.06554959056541,22,Neutrophiles
-124.72401960069624,-141.0636368887947,25.64425478050663,22,Neutrophiles
272.8848239367188,127.48602297515083,25.29187382812566,22,Neutrophiles
212.84494591654504,-68.56675675743179,25.85180814668061,22,Neutrophiles
168.14264706597032,-291.0541130792709,24.863302399554215,22,Neutrophiles
162.42427436255832,-284.9984700346514,24.713696100341622,22,Neutrophiles
125.9143984783999,-171.13236166684152,25.668387145316927,22,Neutrophiles
29.00586545677504,-255.80813606777662,23.897785158174912,22,Neutrophiles
28.477577205690977,-147.60660808925093,24.01899102230871,22,Neutrophiles
22.74551444948304,-192.4777689932494,23.3077468439987,22,Neutrophiles
-161.3446336357839,421.56584306107993,23.244881346922625,22,Neutrophiles
-457.3600740224649,79.67649916562709,22.162622127445417,22,Neutrophiles
277.1035666062004,128.26082944946472,23.093187457025465,22,Neutrophiles
113.22736928819279,199.17366469850685,22.7521912884431,22,Neutrophiles
63.86283485939771,127.89001837612818,23.074570005188008,22,Neutrophiles
61.8235994469228,135.02683930168143,21.75615954241141,22,Neutrophiles
-196.0236649907671,-165.19808471047656,23.299472612320216,22,Neutrophiles
214.35931373263713,-235.56244641260423,22.149016685268492,22,Neutrophiles
263.0251553167956,22.67393972600962,19.912807350049263,22,Neutrophiles
231.14296757879094,113.82697666431886,20.959456245708054,22,Neutrophiles
181.55406511385274,-276.2371701695103,21.040097979664722,22,Neutrophiles
110.4385820253201,205.18328529471285,21.302326789798116,22,Neutrophiles
-111.40259102926768,406.0030297778717,21.387111923363733,22,Neutrophiles
-271.377920309916,442.8891493320766,20.573940697426565,22,Neutrophiles
-273.07401960069615,-411.0874464126042,19.96330239955421,22,Neutrophiles
254.76315988648332,30.161666013431272,20.57927873091512,22,Neutrophiles
44.45098039930383,21.720886920729072,19.788302399554226,22,Neutrophiles
-240.03219570132512,429.96727056852774,19.565189192007068,22,Neutrophiles
332.614931710165,50.16648617166538,20.40262824225084,22,Neutrophiles
122.10931373263713,91.95961241092516,19.128008281907142,22,Neutrophiles
-248.8277233043999,-210.43929826445606,19.900339436591253,22,Neutrophiles
337.4902661135894,52.177632952475165,16.68869922495105,22,Neutrophiles
276.38083691144504,122.37546749468049,18.78383220087872,22,Neutrophiles
240.5407216748755,59.35406983288317,16.054638139626405,22,Neutrophiles
110.85173797506138,-152.21168883684663,19.032999369251172,22,Neutrophiles
-243.8601307118073,-200.09577974593765,16.26330239955422,22,Neutrophiles
-283.7746148387914,-335.71423212688995,17.70258811383991,22,Neutrophiles
116.47138269815434,-146.88399813674215,14.166750675416296,22,Neutrophiles
-482.11432263099925,175.08528086012302,18.012393308645102,22,Neutrophiles
144.45141899579517,-147.62019495061594,14.68786380306301,22,Neutrophiles
131.7644861464304,-152.17020503329383,14.863302399554215,22,Neutrophiles
125.55509686516712,-250.79588014754398,13.730772279072283,22,Neutrophiles
57.230637262048845,93.28681829327809,14.201537693671867,22,Neutrophiles
-65.17826796670931,463.50863201876837,12.510361223083663,22,Neutrophiles
-155.88681029837062,461.10712723080655,13.840046585600703,22,Neutrophiles
369.0519366834568,-82.44974149457141,12.502646661849298,22,Neutrophiles
220.73751886084221,-309.31565154080937,12.863302399554215,22,Neutrophiles
132.4664565897799,-156.18744641260423,13.180762717014602,22,Neutrophiles
-61.90615018488859,-344.38332270126404,11.852993121203696,22,Neutrophiles
285.68931373263706,-23.207446412604213,10.863302399554215,22,Neutrophiles
174.10931373263713,223.0331418226899,9.951537693671867,22,Neutrophiles
93.60931373263713,137.63255358739582,10.48330239955422,22,Neutrophiles
-243.46911763991193,-192.97176013809445,10.863302399554215,22,Neutrophiles
237.74158886491216,147.48980226464448,9.286582822834646,22,Neutrophiles
187.52378741684754,146.63492200844837,9.205407662712105,22,Neutrophiles
110.5447976036047,97.45771487771833,10.863302399554215,22,Neutrophiles
274.16215926109237,-51.260617144311595,7.968993456464773,22,Neutrophiles
260.7759803993039,120.13306640790859,8.760738296990098,22,Neutrophiles
26.748202621526048,-353.57633530149315,8.863302399554215,22,Neutrophiles
-119.91449579117238,-204.044589269747,8.863302399554215,22,Neutrophiles
270.9263869033688,98.27596822154214,6.863302399554215,22,Neutrophiles
220.4398222072133,45.54136714671779,7.5073701961643735,22,Neutrophiles
173.5426470659703,219.27922025406247,6.863302399554215,22,Neutrophiles
-107.12752837262599,-248.37165693892,6.626460294291064,22,Neutrophiles
255.39192242828938,116.85603184826539,6.138664718394807,22,Neutrophiles
134.51614603077394,-180.7216079032874,6.217339666635013,22,Neutrophiles
188.5406862816567,-124.10901504005517,4.843694556417006,22,Neutrophiles
49.115486572143254,-11.076335301493145,5.579351782270265,22,Neutrophiles
-167.22789556968849,458.97534428507015,4.863302399554215,22,Neutrophiles
-174.76830864498527,500.1622039370461,5.240924777176616,22,Neutrophiles
-197.23279153052079,-183.87165693892,5.221197136396313,22,Neutrophiles
-277.52861730184566,390.72059956440717,5.851808146680611,22,Neutrophiles
86.85538703106636,148.83349599577275,3.606757896936415,22,Neutrophiles
229.19338452909722,121.50724385288254,3.978346647341823,22,Neutrophiles
47.2541735457213,-0.48183893596876715,3.760498661236454,22,Neutrophiles
132.88204100536439,-24.01861524377307,2.3438218800737047,22,Neutrophiles
-280.27136808554474,393.12505358739577,1.6473933086451211,22,Neutrophiles
-344.5456158448277,266.8360277657994,1.802269535704454,22,Neutrophiles
142.3251032063215,98.41255358739579,0.2738287153436829,22,Neutrophiles
-59.46568626736291,-360.22494641260425,-0.16169760044579107,22,Neutrophiles
-116.0573529340295,270.27088692072914,0.23830239955421462,22,Neutrophiles
252.27002801835135,-87.30054165069942,-1.0533642671124426,22,Neutrophiles
188.93974851524592,-108.77005510825643,-0.9801758613153595,22,Neutrophiles
106.93558491907777,-37.72134471768902,-1.5604264140051214,22,Neutrophiles
-145.15578693850375,459.83268781558377,-1.2440801507813433,22,Neutrophiles
-174.39068626736287,509.84225655769274,0.3352495942736482,22,Neutrophiles
148.32314009919673,226.76753751022534,-1.014511105268923,22,Neutrophiles
72.24188949021288,92.99058389042602,-4.371546085294284,22,Neutrophiles
225.76385918718267,21.41255358739579,-2.1366976004457854,22,Neutrophiles
-221.80075820980892,-175.5759356212373,-3.1510860896544273,22,Neutrophiles
146.32188858293637,-131.0078056940414,-3.424122750146381,22,Neutrophiles
132.54681373263713,220.2917202540624,-4.5811420448902425,22,Neutrophiles
124.4681033579975,-175.7494060667829,-3.983959848284371,22,Neutrophiles
50.27286513450633,1.9947965780499999,-4.304921899511214,22,Neutrophiles
239.1356295221109,-351.21376220207793,-6.294592337287895,22,Neutrophiles
128.13204100536439,215.7443717692139,-6.273061236809411,22,Neutrophiles
122.20190632522974,236.7261338343094,-6.074969205384065,22,Neutrophiles
70.79449891782235,85.61810914295131,-6.1181790819272805,22,Neutrophiles
-241.51834584183098,376.28063869377866,-6.200527387679841,22,Neutrophiles
-390.8144150809222,-250.0942260736212,-6.227093080671779,22,Neutrophiles
228.27598039930388,20.604220254062398,-6.386697600445785,22,Neutrophiles
140.39554561669513,-75.12585220970573,-7.151190354068973,22,Neutrophiles
-168.1148241983974,478.7091053115337,-7.136697600445785,22,Neutrophiles
-322.25179737847395,296.7569980318401,-7.914475378223557,22,Neutrophiles
106.8800560907157,34.327837430190584,-6.577745635380296,22,Neutrophiles
341.99243061575396,-32.986147711305534,-8.760074223822414,22,Neutrophiles
285.58931373263715,71.73255358739573,-8.23669760044578,22,Neutrophiles
148.82670503698512,151.93903580083452,-8.227606691354879,22,Neutrophiles
105.9426470659705,-248.04161307927092,-9.636697600445785,22,Neutrophiles
-8.513973938595768,-338.192925864659,-10.807930477158123,22,Neutrophiles
51.573960197283554,0.9994222742644752,-11.358919822668014,22,Neutrophiles
392.89878741684777,-229.10849904418325,-11.136697600445785,22,Neutrophiles
241.87540815323803,55.43916302945581,-12.029401463106723,22,Neutrophiles
131.98709151041476,180.4792202540624,-11.670030933779117,22,Neutrophiles
120.0141720322323,14.201217555007133,-11.080017438502466,22,Neutrophiles
-308.35957515625176,-213.98300196815973,-11.358919822668014,22,Neutrophiles
1.199675178420307,-157.51274761742343,-12.100553022132544,22,Neutrophiles
164.9654781161987,-245.69886193771845,-13.438067463459475,22,Neutrophiles
-54.98401960069623,-289.9474464126042,-14.625586489334665,22,Neutrophiles
-274.7799078242491,-328.12756617308327,-15.112745504637388,22,Neutrophiles
115.6709251070447,315.00686638360435,-15.127218927460007,22,Neutrophiles
-17.211738898941803,-190.94884992137617,-15.234943214480865,22,Neutrophiles
168.0886036734655,-144.0217659392315,-18.722496417013843,22,Neutrophiles
163.75812325644677,-47.098160698318566,-18.600983314731508,22,Neutrophiles
-272.7283486050252,-362.81948104463885,-15.855312319060516,22,Neutrophiles
360.14863957533373,17.318171564923887,-19.33894479145701,22,Neutrophiles
277.1634932992007,69.78159383507375,-19.056202244408638,22,Neutrophiles
-13.757958994635601,-201.23471913987697,-20.322152145900333,22,Neutrophiles
235.45999246566873,-17.658034647898376,-19.417240586871117,22,Neutrophiles
194.09567736900078,-148.25108277624054,-19.800333964082142,22,Neutrophiles
167.72344416741976,-126.7526638039086,-22.04974107870666,22,Neutrophiles
148.82459151041496,-115.88189085704869,-23.164475378223557,22,Neutrophiles
333.5810651450664,-68.5490283335082,-24.684720199315848,22,Neutrophiles
239.88448151787213,-84.91227862736935,-23.324617063533026,22,Neutrophiles
245.13658645990984,136.9943717692139,-25.109424873173054,22,Neutrophiles
78.07598039930383,-305.57633530149315,-25.158919822667997,22,Neutrophiles
-88.60370401884211,590.5462813980466,-24.58048458269431,22,Neutrophiles
-291.0874075788382,-348.6054791994895,-24.292435305363824,22,Neutrophiles
-299.4948529340295,-217.45827974593755,-25.303364267112443,22,Neutrophiles
285.14145658978,47.816125015967145,-27.658126171874358,22,Neutrophiles
208.8893137326371,80.61255358739572,-26.336697600445774,22,Neutrophiles
63.688678812002195,112.83636311120529,-25.295427759175936,22,Neutrophiles
346.03906579875263,-77.35273566880255,-26.839176939288762,22,Neutrophiles
228.49303466286972,8.826507075767836,-27.034372019050437,22,Neutrophiles
135.49820262152593,-156.57016246198697,-26.86509266217419,22,Neutrophiles
44.13252048369202,81.01930464224813,-26.81602249496055,22,Neutrophiles
201.86474851524588,-173.6276638039086,-28.212784556967534,22,Neutrophiles
-79.63171190838852,585.268963843806,-28.162338626086807,22,Neutrophiles
-274.18280096270337,349.6871055587218,-27.43777286926297,22,Neutrophiles
325.5350563068945,-12.860713739336916,-29.314915422227955,22,Neutrophiles
139.22836135168473,164.19350596834818,-31.041459505207683,22,Neutrophiles
119.89502801835158,13.333561990757062,-30.14510096179029,22,Neutrophiles
266.5755299488536,58.94768872253087,-31.163724627472817,22,Neutrophiles
-240.9806862673629,385.3625535873957,-31.22669760044579,22,Neutrophiles
149.33380352855556,94.51663522004878,-31.299962906568226,22,Neutrophiles
223.88893458571772,26.566108089765407,-32.23622366679649,22,Neutrophiles
315.0093137326372,-35.37131738034611,-35.20766534238126,22,Neutrophiles
122.1006930429819,-125.57537744708702,-33.84359415216991,22,Neutrophiles
-230.034097120076,362.7091944142692,-34.9041394609109,22,Neutrophiles
169.4828077085407,-96.21154279814641,-35.184890371530116,22,Neutrophiles
70.7636347202914,-292.68744641260423,-35.80336426711244,22,Neutrophiles
-139.1859618579141,523.143262248813,-36.66425665556389,22,Neutrophiles
220.91433303765655,-44.78204100719881,-38.33360879735699,22,Neutrophiles
72.05621638750438,-0.8157649966750569,-37.42873299867588,22,Neutrophiles
134.74089268000557,165.4265886751151,-38.89108356535806,22,Neutrophiles
62.789869288192676,27.182923957766093,-39.72003093377913,22,Neutrophiles
-138.87553475221137,528.9034626783048,-39.136697600445785,22,Neutrophiles
47.33940222821241,-208.86443756304664,-40.490679901330736,22,Neutrophiles
-139.26911763991188,521.9498084893567,-43.403364267112465,22,Neutrophiles
-147.6753016519782,419.9356305104727,-42.54182580557398,22,Neutrophiles
145.0234551467787,-65.3490625742204,-43.0558895196377,22,Neutrophiles
-221.92068626736284,474.56255358739577,-43.29669760044578,22,Neutrophiles
161.39842937889568,-160.17384097042736,-44.41560916507163,22,Neutrophiles
152.20306373263713,159.75005358739577,-42.324197600445785,22,Neutrophiles
80.16422702743478,-125.69033658601461,-43.252304536862,22,Neutrophiles
-286.8175155356555,-336.785007388214,-44.372469958169376,22,Neutrophiles
-182.52794116932364,167.09359933902977,-45.38506361351767,22,Neutrophiles
288.6689163816437,-89.32651926028632,-45.798949256074934,22,Neutrophiles
249.8458728724221,55.8824460605141,-45.80336426711244,22,Neutrophiles
173.72516739117373,-150.58378787601885,-46.148892722396994,22,Neutrophiles
123.3168609024483,289.6144403798486,-48.08009382686089,22,Neutrophiles
42.02598039930376,120.70422025406242,-46.72003093377913,22,Neutrophiles
57.507809973238636,128.8463881738619,-47.64045699894203,22,Neutrophiles
-175.4214554981321,166.19716897201113,-48.05977452352272,22,Neutrophiles
-203.66779470109782,-60.91033797886928,-49.64272169683133,22,Neutrophiles
-211.54101306474854,192.06091960046763,-50.61382178345232,22,Neutrophiles
-147.07334309393116,522.2590480523404,-50.730793541405205,22,Neutrophiles
89.09145658977991,-32.741017841175676,-53.49384045758865,22,Neutrophiles
123.63105286307189,286.4299448917436,-53.91930629609794,22,Neutrophiles
-48.93042136670067,475.97149398474676,-53.16981018322724,22,Neutrophiles
168.34133987642792,30.1981745024284,-57.14976949587063,22,Neutrophiles
-388.37439298834045,309.00603627578676,-56.38720676541523,22,Neutrophiles
-42.7759321690022,-248.15465952735832,-57.39899268241298,22,Neutrophiles
-380.56272927811557,312.48997294223454,-58.59906319184364,22,Neutrophiles
-41.0495097967746,-249.17568170672183,-60.90140348279873,22,Neutrophiles
112.55436867769208,24.790575565417726,-61.136697600445785,22,Neutrophiles
-339.98917111584774,-246.68365853381636,-61.47760669135488,22,Neutrophiles
261.0460953418325,-8.41733147007551,-63.44704242803199,22,Neutrophiles
7.462870217992759,-146.19163051302263,-62.224563709232385,22,Neutrophiles
-192.86100590206604,34.09565861022679,-62.92665193834533,22,Neutrophiles
153.15019423578178,84.45406302135802,-65.17443344950239,22,Neutrophiles
93.8527347852687,12.733606218974728,-64.26827654781421,22,Neutrophiles
247.00622094913194,51.54451235028239,-64.89958419838395,22,Neutrophiles
-169.8369228265027,-22.402500176045123,-64.91089114883289,22,Neutrophiles
68.83832136622493,-18.078031654334495,-65.39115052665444,22,Neutrophiles
-188.81410969078627,21.677418452260667,-66.52408498783319,22,Neutrophiles
-189.14355983058124,43.00795588624635,-66.18267461194004,22,Neutrophiles
-156.10191621388697,164.00506695637978,-67.02974572878803,22,Neutrophiles
-227.35432263099926,280.8670990419412,-66.50033396408215,22,Neutrophiles
126.50455182787516,173.49826787311008,-67.21288807663626,22,Neutrophiles
76.26870237892535,-48.19618003705841,-68.01879367031478,22,Neutrophiles
-190.77440719759545,32.428832657163184,-66.92739527486438,22,Neutrophiles
145.0783402813097,146.48511995907722,-69.18979494557853,22,Neutrophiles
-190.27068626736286,27.959220254062416,-69.29669760044578,22,Neutrophiles
61.03219930477644,-353.6899339747933,-69.7337125258189,22,Neutrophiles
-221.76940967161818,275.95723443845975,-68.7281869621479,22,Neutrophiles
-22.942987522592944,-140.572383651098,-71.05301559207759,22,Neutrophiles
-321.2753016519782,8.92793820278041,-70.32900529275348,22,Neutrophiles
-321.6266413235427,0.17210414919350114,-70.23782119595138,22,Neutrophiles
68.2856143106718,-327.1758857189626,-71.06733343859608,22,Neutrophiles
-190.4376661331347,-19.757916211262,-73.5058251172243,22,Neutrophiles
-325.0060708827475,2.104861279703414,-72.36746683121503,22,Neutrophiles
68.08187470824691,-11.635617144311595,-71.86840491751894,22,Neutrophiles
-315.90350678018336,13.581784356626486,-73.75208221583038,22,Neutrophiles
243.05137381847396,-129.24324040402053,-73.06802807254878,22,Neutrophiles
219.01315988648332,-149.16821564337346,-74.07900529275348,22,Neutrophiles
206.33936068099388,96.13649724936761,-74.99585253002327,22,Neutrophiles
101.80829332447388,-184.5343851881144,-74.50404453922131,22,Neutrophiles
52.74406550568676,141.93312096328225,-77.83173306143871,22,Neutrophiles
26.531444880178128,-149.56859395358782,-76.03014022339659,22,Neutrophiles
215.92827924987853,44.27807082877507,-76.11945622113542,22,Neutrophiles
158.47836135168473,204.68160120644336,-76.58907855282675,22,Neutrophiles
81.67289754766603,-222.12386259757534,-78.40837390102382,22,Neutrophiles
-3.7973529340295045,-144.32077974593756,-79.21669760044578,22,Neutrophiles
-79.07052816459611,-111.58270332960024,-80.60705333167108,22,Neutrophiles
228.65770082941106,124.5061019744926,-80.5399234068974,22,Neutrophiles
146.40290803868697,-52.874279152817735,-79.02281859688706,22,Neutrophiles
236.2063286580102,-410.1575956663356,-80.33072745119206,22,Neutrophiles
130.9426470659705,283.3792202540626,-80.18114204489022,22,Neutrophiles
52.566103856093946,-421.88497727680175,-81.76632723007542,22,Neutrophiles
-313.84613181191725,-8.40526819478248,-81.73075700638638,22,Neutrophiles
-317.42193626736287,9.468803587395769,-80.51169760044579,22,Neutrophiles
154.78054660934959,202.54543029972456,-80.6161496552403,22,Neutrophiles
225.8446078502842,-138.36391700083948,-82.80336426711247,22,Neutrophiles
-122.27068626736286,535.4192202540623,-82.63003093377912,22,Neutrophiles
-331.79068626736284,422.8925535873957,-83.13669760044579,22,Neutrophiles
154.32235721089796,204.89081445696104,-85.06713238305448,22,Neutrophiles
-305.3267132033899,1.14588692072914,-84.98181544556363,22,Neutrophiles
-315.37225308763936,-2.385603094631847,-85.45006165574533,22,Neutrophiles
-127.41925769593433,436.9709951458374,-85.02760669135486,22,Neutrophiles
229.58848039930388,-136.31244641260423,-86.55336426711247,22,Neutrophiles
82.6634538600257,-281.55687316419653,-88.07937275968145,22,Neutrophiles
7.692116280407845,-199.92629991578895,-87.11121989343943,22,Neutrophiles
-307.90827420706137,-272.0969941512977,-85.55880815320963,22,Neutrophiles
-313.48838741678816,-15.147216527546789,-86.79187001423891,22,Neutrophiles
-1.2769421915335215,-238.53341797658527,-88.57745589428467,22,Neutrophiles
-306.9462418229184,-17.520779745937602,-89.13669760044579,22,Neutrophiles
-356.63513071180734,-242.645224190382,-88.638919822668,22,Neutrophiles
165.49963631328228,21.2577148777184,-89.91089114883289,22,Neutrophiles
181.75810265997268,153.30390306836466,-91.26818548971914,22,Neutrophiles
159.79205484938836,72.005446988411,-90.38542856491279,22,Neutrophiles
123.8315359548593,256.8940350688772,-90.14410500785318,22,Neutrophiles
-312.231595358272,-24.823810048967857,-91.2048794186276,22,Neutrophiles
3.12854450186785,145.11383563867787,-91.94438990813809,22,Neutrophiles
-304.086338441276,-14.747229021299859,-91.85408890479361,22,Neutrophiles
143.0563725561667,-112.6266620988788,-93.56022701221049,22,Neutrophiles
94.50868480181953,-127.53964767046591,-93.24990514761559,22,Neutrophiles
10.17586663366103,67.67262184678145,-92.21519589396114,22,Neutrophiles
78.37854450186785,-79.09129256645042,-93.13669760044579,22,Neutrophiles
-309.31039429656,-1.2020449527502706,-92.43596767343848,22,Neutrophiles
-7.648464045140599,-175.4363353014931,-95.82114204489022,22,Neutrophiles
-306.0505223329366,-24.666954609325558,-94.8662057971671,22,Neutrophiles
7.7438428806192405,92.69147735421188,-95.95284109820363,22,Neutrophiles
173.0676470659705,24.041720254062398,-96.26169760044579,22,Neutrophiles
80.17269401432725,-75.00434782105492,-97.72824689622043,22,Neutrophiles
6.941571797153301,-87.75518834808815,-97.9883105036716,22,Neutrophiles
-2.243627443833475,148.4302006462193,-97.13669760044579,22,Neutrophiles
-305.4028813893141,-5.345982997970054,-96.28303906386041,22,Neutrophiles
-427.611616499921,346.0102280060004,-98.0087906237016,22,Neutrophiles
89.71037756242436,149.8231918852681,-99.30691036640323,22,Neutrophiles
-447.48872548304917,-51.736466020447324,-99.639965574302,22,Neutrophiles
117.5688513048915,-54.106521557112956,-100.87080164668856,22,Neutrophiles
72.57375817708157,-183.52077974593755,-100.70114204489023,22,Neutrophiles
37.99641050683067,-176.82615609002352,-100.53024598754256,22,Neutrophiles
-179.2066862673629,573.1565535873958,-101.64869760044579,22,Neutrophiles
-376.6373529340296,-229.32744641260422,-101.44336426711246,22,Neutrophiles
-389.1549139096393,-159.45573909553104,-101.31555938906367,22,Neutrophiles
-473.93704388325693,256.0542754417004,-101.14994263355837,22,Neutrophiles
162.3170060403295,59.504861279703505,-103.6443899081381,22,Neutrophiles
-120.58015995157336,25.675711482132556,-103.3682765478142,22,Neutrophiles
-295.03549501053226,374.4792202540625,-103.11483967694852,22,Neutrophiles
-116.03774509089226,19.45961241092516,-104.50924662005363,22,Neutrophiles
224.68623680956023,-85.32319301893904,-104.95570212533266,22,Neutrophiles
154.94931373263717,70.71755358739574,-105.21669760044578,22,Neutrophiles
85.8231502106247,-162.4453080478243,-105.42600577654642,22,Neutrophiles
-263.1962418229184,466.2014424762847,-105.50706797081615,22,Neutrophiles
0.13036636421611547,72.95992200844842,-107.19985549518263,22,Neutrophiles
-390.9822355631376,-152.229699933731,-107.03810605115001,22,Neutrophiles
90.1493137326371,-206.23744641260424,-107.62669760044578,22,Neutrophiles
-334.25861079566477,-292.97989924279295,-106.57065986459673,22,Neutrophiles
35.29963631328235,-226.9616399609913,-107.78185889076836,22,Neutrophiles
-153.65236851035354,198.3265722789846,-108.20211816119345,22,Neutrophiles
115.5164867284177,-39.976475948469215,-109.10294232618418,22,Neutrophiles
-107.97764278910199,125.37777097870014,-110.1258280352284,22,Neutrophiles
205.40790030507515,-115.98249941613778,-110.86814636369667,22,Neutrophiles
164.49931373263712,58.25755358739582,-110.73669760044578,22,Neutrophiles
-113.08633844127587,1.0009593844972642,-111.39756716566318,22,Neutrophiles
-179.5559755235612,446.6513965626025,-110.39289594755323,22,Neutrophiles
-302.9870165425922,-249.32506109150336,-110.18256916007881,22,Neutrophiles
-502.24035946997725,128.29948169197098,-110.91447537822356,22,Neutrophiles
244.58883591693746,-154.56287303376462,-113.68959862433657,22,Neutrophiles
135.88838350007916,311.5916233548378,-113.25297667021323,22,Neutrophiles
-151.20064101849414,191.17454453762207,-113.22719533800235,22,Neutrophiles
-310.19929870755425,-183.90514976188655,-116.22760669135488,22,Neutrophiles
-318.54346404514064,-268.15966863482646,-116.2478087115569,22,Neutrophiles
61.51556373263713,75.82817858739577,-116.85544760044579,22,Neutrophiles
-324.2508261275027,-266.78884501400285,-116.5492850130332,22,Neutrophiles
-441.80482768150426,-45.65209287725065,-117.1568996206478,22,Neutrophiles
-447.9462418229184,-50.951335301493145,-117.17373463748282,22,Neutrophiles
168.97163257321677,56.54443764536677,-117.7309004989965,22,Neutrophiles
66.39563851896196,-152.965224190382,-118.08541554916374,22,Neutrophiles
269.5544356838567,-131.98622690040906,-119.27084394190919,22,Neutrophiles
230.08114471855254,118.41114513669152,-118.96768351593875,22,Neutrophiles
73.95546757879094,-29.713087438245225,-119.03413349788168,22,Neutrophiles
49.723237783270065,-235.9469400834903,-119.25062165107869,22,Neutrophiles
152.5595399769811,162.27409204893422,-119.53488764569465,22,Neutrophiles
-150.86921387472478,174.1683818082547,-120.94037858204088,22,Neutrophiles
-331.1740196006963,394.61672025406233,-121.81169760044578,22,Neutrophiles
-359.95021007688666,-194.6636368887947,-122.46209442584261,22,Neutrophiles
141.27598039930376,55.2778313651736,-122.48391982266801,22,Neutrophiles
108.02836135168468,102.67922025406244,-122.33669760044579,22,Neutrophiles
-71.73684011351668,113.94716897201113,-123.44438990813809,22,Neutrophiles
-99.97401960069624,448.770886920729,-123.13669760044579,22,Neutrophiles
-160.55951743619403,95.82554060038274,-123.47435993810812,22,Neutrophiles
137.4093137326371,76.06255358739577,-123.47003093377913,22,Neutrophiles
26.14210061788299,-208.92515133063705,-124.79243530536382,22,Neutrophiles
117.74621849454195,11.89588692072914,-124.12479283854103,22,Neutrophiles
108.39793161881596,186.87217418360171,-123.77626399610975,22,Neutrophiles
-89.52461483879142,448.1161250159669,-124.85098331473151,22,Neutrophiles
110.37827924987835,104.26427772532679,-127.6125596694113,22,Neutrophiles
69.677495550819,-92.94502217017998,-126.92457638832457,22,Neutrophiles
132.69604842651472,-169.21805865750213,-128.4326159677927,22,Neutrophiles
-196.10574003080376,440.7910482110517,-128.52379437463935,22,Neutrophiles
39.02235721089801,127.7473361960914,-129.13669760044579,22,Neutrophiles
23.679584002907404,-122.17123019638802,-128.56372462747282,22,Neutrophiles
-224.61102525041372,504.8464518924807,-128.76381624451358,22,Neutrophiles
29.44529256861597,-211.88585911101694,-131.29542775917594,22,Neutrophiles
184.6338751361459,67.00202727160627,-131.19985549518262,22,Neutrophiles
44.8732731235001,126.39630993257344,-133.04532704207014,22,Neutrophiles
44.797347920671314,-72.67747490263275,-133.01134147508967,22,Neutrophiles
86.44604842651472,-303.5956096779104,-134.9122078045274,22,Neutrophiles
61.949519918204146,-295.5585804332228,-134.9305120334355,22,Neutrophiles
-65.65188029721367,165.38718045306746,-134.37550357059504,22,Neutrophiles
-101.70469592919858,110.33912363570494,-136.9724463927163,22,Neutrophiles
83.27033068178969,-297.50948031090934,-136.47568065129326,22,Neutrophiles
44.205644007866454,-217.25166659609044,-137.08165172888613,22,Neutrophiles
44.84056373263718,-315.08119641260424,-136.86169760044578,22,Neutrophiles
-148.4970692460863,-474.2938293913277,-137.68988908980748,22,Neutrophiles
65.01148764568063,-293.3178811952129,-138.18017586131535,22,Neutrophiles
43.48709151041487,105.47181284665498,-137.54410500785318,22,Neutrophiles
230.37655511194737,124.18324324256821,-138.7918700142389,22,Neutrophiles
79.56243873263713,126.37895983739577,-138.98826010044579,22,Neutrophiles
38.17492459236564,180.18811919825555,-139.8968785959209,22,Neutrophiles
46.74264706597046,-323.20966863482647,-140.19225315600136,22,Neutrophiles
339.07496258759863,-52.095843359169066,-142.1290640126595,22,Neutrophiles
75.35931373263713,-4.5874464126042085,-139.73669760044578,22,Neutrophiles
50.447151570474944,172.2855265603688,-141.7583192220674,22,Neutrophiles
41.733842034523946,-120.1987671673212,-142.31405609101182,22,Neutrophiles
-334.2064757410471,-155.76639378102527,-142.53143444255105,22,Neutrophiles
232.6688375421612,130.30461707945926,-143.7398722036204,22,Neutrophiles
245.1951125492052,148.34509796609404,-142.6633248193807,22,Neutrophiles
213.53626587369524,117.01658381409607,-143.59009810422413,22,Neutrophiles
178.54987317319672,169.9838822587244,-143.5283059920542,22,Neutrophiles
73.72271579449284,-1.8472402270372186,-144.0232955385901,22,Neutrophiles
-262.71945339065053,-242.69429572767274,-145.60245102510333,22,Neutrophiles
-14.640686267362867,-170.90837664516238,-147.02041853067834,22,Neutrophiles
338.19352425895283,-42.95060430734111,-147.87353970570894,22,Neutrophiles
-36.80426651427649,-118.96522419038206,-148.48237661279146,22,Neutrophiles
-259.0738545841946,-240.51417908587155,-147.79016294698044,22,Neutrophiles
0.9811086044320518,-258.4438566690145,-149.5469540107022,22,Neutrophiles
-43.659593830388076,-109.13702624453697,-148.51484886095,22,Neutrophiles
95.0019063252297,40.19773877258092,-150.17373463748282,22,Neutrophiles
-165.83354341022005,370.6554107302529,-152.92241188616006,22,Neutrophiles
-279.41967177460924,-100.03768795849794,-153.12703576469698,22,Neutrophiles
14.346540010009448,-261.64000115712986,-155.29728154205162,22,Neutrophiles
-222.94371657039312,472.00194752678976,-155.19730366105185,22,Neutrophiles
161.55005447337794,70.44959062443286,-156.38114204489023,22,Neutrophiles
310.1509803993039,-221.68744641260423,-156.72003093377913,22,Neutrophiles
288.32931373263716,-177.62744641260423,-158.05669760044577,22,Neutrophiles
244.36531373263722,-173.89144641260424,-158.1206976004458,22,Neutrophiles
160.5151433290497,155.5704011210281,-156.9393881834054,22,Neutrophiles
3.933054739831391,-282.6334895780718,-159.69784867958248,22,Neutrophiles
-228.79419503929273,465.4967641137116,-158.50511865307737,22,Neutrophiles
-477.89068626736287,301.98799218388694,-159.24196075834053,22,Neutrophiles
9.679489171233627,-266.9383236055866,-159.78932917939315,22,Neutrophiles
-156.06014233430847,367.19749082588953,-162.1827227050483,22,Neutrophiles
89.60030472362814,142.11885989370205,-164.90246336621155,22,Neutrophiles
89.83291621710919,-249.1563905119831,-167.13669760044579,22,Neutrophiles
13.435071308394754,-293.9980524732103,-166.12154608529426,22,Neutrophiles
-184.56157234331226,200.34419915701608,-166.95948241057238,22,Neutrophiles
-40.44444970822303,517.3501879959977,-169.5668051273275,22,Neutrophiles
-93.95545310674106,413.69338260293966,-169.75845925847688,22,Neutrophiles
-156.31473690027428,383.2049586506869,-169.71897608145844,22,Neutrophiles
81.03598039930375,-294.4741130792709,-171.13669760044579,22,Neutrophiles
-436.55010655721793,327.2473361960914,-172.70191499175013,22,Neutrophiles
373.3034884899188,-313.7990968980411,-172.15611507617393,22,Neutrophiles
-91.6823529340295,410.40630358739577,-173.19919760044579,22,Neutrophiles
-153.79188387215333,383.2317152640426,-174.5738233489488,22,Neutrophiles
139.41805690203591,85.22785413384383,-175.2350582561835,22,Neutrophiles
-97.44331784631026,410.301275391907,-175.54271263803977,22,Neutrophiles
-101.46760934428596,297.87137711680737,-177.40819081311548,22,Neutrophiles
-310.1106862673629,141.36255358739572,-179.6966976004458,22,Neutrophiles
278.3853137326372,-205.29144641260422,-179.77669760044577,22,Neutrophiles
376.30668215368985,-263.87165693892,-180.50511865307737,22,Neutrophiles
